SNP,effect_allele.exposure,other_allele.exposure,beta.exposure,beta.outcome,ratio,name_col
rs10125854,G,A,-0.0744782715868192,0.000481685,-0.00646745674593832,JAK2_stroke
rs10758678,T,C,0.0641812443102449,-0.000673232,-0.0104895442155293,JAK2_stroke
rs10815093,C,T,0.0349066376304062,-0.000459258,-0.0131567527317485,JAK2_stroke
rs10815228,C,T,0.0492972779373349,-0.00026603,-0.0053964440052485,JAK2_stroke
rs10974808,G,A,-0.0490712895845349,0.000294714,-0.00600583360443987,JAK2_stroke
rs10974967,C,A,-0.216822283934969,0.00109835,-0.00506566935864132,JAK2_stroke
rs10975041,G,A,0.0699492077269689,-0.000552161,-0.00789374201570999,JAK2_stroke
rs10975275,T,C,0.0336553702264084,-0.000297382,-0.00883609355652409,JAK2_stroke
rs118121949,C,T,-0.0907012877461333,0.000937817,-0.0103396216669479,JAK2_stroke
rs34189221,C,T,0.0433694835459699,-0.000517884,-0.0119412074494976,JAK2_stroke
rs62541558,G,A,0.168272297396421,-0.00110141,-0.00654540299883863,JAK2_stroke
