SNP,effect_allele.exposure,other_allele.exposure,beta.exposure,beta.outcome,ratio,name_col
rs114170067,T,C,-0.144474114290723,0.000886472,-0.00613585350117576,TYK2_stroke
rs117679371,C,A,-0.107448179889792,0.000523584,-0.00487289780559366,TYK2_stroke
rs11878588,G,T,-0.0997911434962499,0.000561818,-0.00562993849269913,TYK2_stroke
rs11881260,A,T,-0.0698079680382119,0.00051892,-0.00743353537687776,TYK2_stroke
rs12462167,G,A,-0.0816190879599438,0.000444419,-0.00544503756545414,TYK2_stroke
rs12720250,T,G,-0.263846954856927,0.00126398,-0.00479058020845987,TYK2_stroke
rs12985734,G,A,-0.0428816519659094,0.000367349,-0.00856657761907213,TYK2_stroke
rs2163857,C,G,0.0660002231236305,-0.000490198,-0.007427217315338,TYK2_stroke
rs281416,A,G,0.0743108477477457,-0.000362116,-0.00487298975822793,TYK2_stroke
rs281417,T,C,-0.0832318886722545,0.000344015,-0.0041332115068858,TYK2_stroke
rs4804528,T,G,0.048911392021392,-0.000108505,-0.00221839934452375,TYK2_stroke
rs5030348,A,G,0.0436093490334729,-0.000400148,-0.00917573889243019,TYK2_stroke
rs59451338,A,G,-0.0640304359661886,0.000283693,-0.00443059610198195,TYK2_stroke
rs6511402,T,C,0.0451010504209913,-0.000175865,-0.00389935485666976,TYK2_stroke
rs74178201,A,G,0.0572683275477456,-0.000156761,-0.00273730710695726,TYK2_stroke
rs9105,T,C,0.0778004488598928,-0.000496627,-0.00638334363461517,TYK2_stroke
