SNP,effect_allele.exposure,other_allele.exposure,beta.exposure,beta.outcome,ratio,name_col
rs10409578,T,C,0.0606697065474596,-0.000283518,-0.00467313946505106,TYK2_CAD
rs1529711,T,C,0.0542628584212977,-8.87583e-05,-0.00163570999726699,TYK2_CAD
rs2163857,C,G,0.0660002231236305,-0.000190294,-0.00288323267700996,TYK2_CAD
rs2278442,G,A,0.0603638547229762,-0.000197956,-0.00327937970344118,TYK2_CAD
rs280498,A,C,-0.107906583473463,0.00035837,-0.00332111339701653,TYK2_CAD
rs378395,C,A,-0.0829749041023793,0.000182441,-0.00219874915160967,TYK2_CAD
rs4371271,C,T,0.0492962856797675,-0.000510097,-0.0103475747303484,TYK2_CAD
rs4804528,T,G,0.048911392021392,-0.000477838,-0.00976946229195464,TYK2_CAD
rs59125425,T,C,0.118584116161104,-0.000418397,-0.00352827185920567,TYK2_CAD
rs73510898,A,G,0.187393587322568,-0.000264748,-0.00141279114073567,TYK2_CAD
