SNP,effect_allele.exposure,other_allele.exposure,beta.exposure,beta.outcome,ratio,name_col
rs10789166,G,A,-0.0496953826918528,-0.000342891,0.00689985631313419,JAK1_CAD
rs4915675,G,A,0.0424496960538392,-0.000404492,-0.00952873724907195,JAK1_CAD
rs74942083,T,C,-0.0689218783480006,0.000620841,-0.00900789437085924,JAK1_CAD
