SNP,effect_allele.exposure,other_allele.exposure,beta.exposure,beta.outcome,ratio,name_col
rs10419991,G,A,-0.0490625050058332,0.000156296,-0.00318565063038297,JAK3_stroke
rs8100347,A,G,0.0503368418429428,-0.000207884,-0.00412985782160557,JAK3_stroke
