SNP,A1,A2,freq,b,se,p,n
rs74942083,T,C,0.095789,0.000798687,0.000441949,0.071000269957767,7055
rs1926310,C,G,0.239362,0.000267329,0.000300059,0.370000235082988,7055
rs1926312,T,A,0.100771,-0.000493029,0.000427359,0.249999995007974,7055
rs872800,G,A,0.128164,-0.000417897,0.000388267,0.279999979792925,7055
rs10789166,G,A,0.126641,0.000598181,0.000384075,0.119999932014548,7055
rs310233,G,A,0.197693,0.000156671,0.000320493,0.620000443273307,7055
rs4915675,A,G,0.734294,-0.000131818,0.000289229,0.649999466219879,7055
rs11208577,G,C,0.752012,0.000168197,0.000295757,0.570000189426062,7055
