exposure,outcome,id.exposure,id.outcome,samplesize,SNP,b,se,p
JAK1,CAD,Eduu0v,ukb-b-15748,463010,rs74942083,-0.00112248075141898,0.00203034942646829,0.580365428984865
JAK1,CAD,Eduu0v,ukb-b-15748,463010,rs4915675,-0.00117722496991862,0.00201351538779649,0.558775331879318
JAK1,CAD,Eduu0v,ukb-b-15748,463010,rs1926312,-0.00137365386828159,0.00210493931968767,0.514023232715938
JAK1,CAD,Eduu0v,ukb-b-15748,463010,rs872800,-0.00192223299380653,0.00233050130769295,0.409476493451893
JAK1,CAD,Eduu0v,ukb-b-15748,463010,rs1926310,-0.00193130764773698,0.00231683761240338,0.404508417323008
JAK1,CAD,Eduu0v,ukb-b-15748,463010,rs11208577,-0.00244616861109984,0.00219843317497476,0.265842764059251
JAK1,CAD,Eduu0v,ukb-b-15748,463010,rs76286105,-0.0029886281144632,0.00191661106357552,0.1189184200414
JAK1,CAD,Eduu0v,ukb-b-15748,463010,rs310233,-0.0032963379199329,0.00223085590334139,0.139511844612417
JAK1,CAD,Eduu0v,ukb-b-15748,463010,30% top SNP,-5.92366124122837e-05,0.00188647439670006,0.974949984674017
JAK1,CAD,Eduu0v,ukb-b-15748,463010,All,-0.00200946251324802,0.00200567865961627,0.316398379545457
