exposure,outcome,id.exposure,id.outcome,samplesize,SNP,b,se,p
JAK1,stroke,Eduu0v,ukb-b-8714,461880,rs74942083,-0.00210745020512781,0.00229380122785193,0.358221714353177
JAK1,stroke,Eduu0v,ukb-b-8714,461880,rs76286105,-0.00229388052410399,0.00232632137402837,0.324106187133176
JAK1,stroke,Eduu0v,ukb-b-8714,461880,rs1926312,-0.00267261244246779,0.00251097299964244,0.287159655829395
JAK1,stroke,Eduu0v,ukb-b-8714,461880,rs872800,-0.00269053285182706,0.00261650508697501,0.303812204993254
JAK1,stroke,Eduu0v,ukb-b-8714,461880,rs310233,-0.00350179497612153,0.00282855216136253,0.21570984722307
JAK1,stroke,Eduu0v,ukb-b-8714,461880,rs4915675,-0.00388544029942137,0.00245311649269818,0.113221201238427
JAK1,stroke,Eduu0v,ukb-b-8714,461880,rs11208577,-0.00392785952111893,0.00240847189015219,0.102921699103239
JAK1,stroke,Eduu0v,ukb-b-8714,461880,rs1926310,-0.004439788427395,0.00231287760881181,0.0549090687971668
JAK1,stroke,Eduu0v,ukb-b-8714,461880,30% top SNP,-0.000961510040401478,0.00242782038821258,0.692076718955958
JAK1,stroke,Eduu0v,ukb-b-8714,461880,All,-0.00318300846496659,0.00229582696315189,0.16561496478403
