exposure,outcome,id.exposure,id.outcome,samplesize,SNP,b,se,p
JAK1,CAD,Eduu0v,ukb-b-15748,463010,rs11208577,-0.00359434906594015,0.00205192247685323,0.079825703437326
JAK1,CAD,Eduu0v,ukb-b-15748,463010,rs1926310,-0.00306143779871727,0.00226430765852983,0.176362057331352
JAK1,CAD,Eduu0v,ukb-b-15748,463010,rs1926312,-0.00238312026150759,0.00204712171111784,0.244370449076411
JAK1,CAD,Eduu0v,ukb-b-15748,463010,rs310233,-0.00482524454961466,0.00192189160127178,0.0120500693759748
JAK1,CAD,Eduu0v,ukb-b-15748,463010,rs4915675,-0.0021716157784142,0.0019381892515548,0.262528282296978
JAK1,CAD,Eduu0v,ukb-b-15748,463010,rs74942083,-0.00212597022022782,0.00196277275894408,0.278743452673035
JAK1,CAD,Eduu0v,ukb-b-15748,463010,rs872800,-0.00306657981762899,0.00227964973864585,0.178561365871449
JAK1,CAD,Eduu0v,ukb-b-15748,463010,All,-0.0029886281144632,0.00191661106357552,0.1189184200414
