exposure,outcome,id.exposure,id.outcome,samplesize,SNP,b,se,p
JAK3,stroke,q05Z7K,ukb-b-8714,461880,rs10419991,5.66205249280758e-05,0.00242201523437024,0.981349197360525
JAK3,stroke,q05Z7K,ukb-b-8714,461880,rs8100347,5.45145861558443e-05,0.00236474994982883,0.981607994401484
JAK3,stroke,q05Z7K,ukb-b-8714,461880,rs11888,-0.000146153758053365,0.00238327785163682,0.951100633835318
JAK3,stroke,q05Z7K,ukb-b-8714,461880,rs1122385,-0.000427948555782895,0.00235250680437333,0.855652007837072
JAK3,stroke,q05Z7K,ukb-b-8714,461880,rs3212797,-0.00111534355240753,0.00257059844232679,0.664372108987404
JAK3,stroke,q05Z7K,ukb-b-8714,461880,rs2071183,-0.00158833687989512,0.00236870547439498,0.502506860846923
JAK3,stroke,q05Z7K,ukb-b-8714,461880,30% top SNP,0.000889803702373529,0.00265209857807556,0.737240940460496
JAK3,stroke,q05Z7K,ukb-b-8714,461880,All,-0.000517120813818028,0.00219729432496728,0.813941472051825
