SNP,A1,A2,freq,b,se,p,n
rs11888,C,T,0.360797,-0.00013057,0.000282804,0.640000038338762,7055
rs3212797,T,C,0.12213,-0.000102613,0.000392937,0.78999983393885,7055
rs10419991,G,A,0.443426,0.000156296,0.000256274,0.540000298635231,7055
rs1122385,C,T,0.315123,-5.3364e-05,0.000291319,0.849999949672056,7055
rs2071183,T,C,0.108925,0.000438552,0.000423588,0.299999824045942,7055
rs8100347,A,G,0.241725,-0.000207884,0.000299247,0.489999909706502,7055
