exposure,outcome,id.exposure,id.outcome,samplesize,SNP,b,se,p
JAK3,CAD,q05Z7K,ukb-b-15748,463010,rs10419991,0.000967420318778782,0.00175965739425769,0.582471885449473
JAK3,CAD,q05Z7K,ukb-b-15748,463010,rs1122385,0.000963922458679961,0.00170915939648741,0.57277142975396
JAK3,CAD,q05Z7K,ukb-b-15748,463010,rs11888,0.00118926649577343,0.00173154271138685,0.492193132690191
JAK3,CAD,q05Z7K,ukb-b-15748,463010,rs2071183,-0.000115300009035719,0.00172092023224143,0.946582464882196
JAK3,CAD,q05Z7K,ukb-b-15748,463010,rs3212797,0.000790219260836423,0.00186767767486929,0.672220413062734
JAK3,CAD,q05Z7K,ukb-b-15748,463010,rs8100347,0.000603840664253844,0.00171806109824402,0.725238512595012
JAK3,CAD,q05Z7K,ukb-b-15748,463010,All,0.00072950633494268,0.00159640579388284,0.647694058816718
