SNP,A1,A2,freq,b,se,p,n
rs6511402,C,T,0.768595,-0.000169327,0.000221098,0.440000327764078,3724
rs74178201,A,G,0.127717,0.000454963,0.000278464,0.1,3724
rs2163857,G,C,0.620057,0.000190294,0.000191976,0.320000015974484,3724
rs5030348,G,A,0.557607,-0.000115346,0.000188553,0.540000298635231,3724
rs281434,G,A,0.838096,-0.000163102,0.000253144,0.519999588551012,3724
rs2569703,G,C,0.544235,-4.17438e-06,0.000186051,0.980000009720029,3724
rs281416,G,A,0.641854,-0.000235816,0.000192912,0.220000161685546,3724
rs281417,T,C,0.315058,-0.000115444,0.000200831,0.570000189426062,3724
rs378395,C,A,0.467816,0.000182441,0.000186746,0.330000045683976,3724
rs2278442,A,G,0.646939,0.000197956,0.000193831,0.310000218541595,3724
rs61451658,T,C,0.311851,-9.12497e-05,0.000200133,0.649999466219879,3724
rs59125425,T,C,0.096785,-0.000418397,0.000315099,0.180000205117632,3724
rs8111359,T,C,0.094633,5.90925e-05,0.00032057,0.849999949672056,3724
rs34725611,G,A,0.288045,-9.67416e-05,0.000204611,0.640000038338762,3724
rs280498,C,A,0.729102,-0.00035837,0.00020993,0.087999458550589,3724
rs59451338,A,G,0.216593,-0.000353413,0.000225294,0.119999932014548,3724
rs55898302,C,T,0.159516,-0.000193813,0.000256418,0.450000503808422,3724
rs11085734,A,G,0.496738,0.000154101,0.000186301,0.410000135265173,3724
rs7259385,T,C,0.183477,0.000140298,0.00024037,0.559999965176919,3724
rs3177696,C,T,0.108693,-0.00010624,0.000297923,0.719999176986299,3724
rs6511701,C,A,0.78105,5.3596e-06,0.000231215,0.980000009720029,3724
rs62131898,G,A,0.135526,-7.44539e-05,0.000283952,0.78999983393885,3724
rs12975591,G,A,0.256372,6.27048e-05,0.000212642,0.770000487266739,3724
rs12460981,G,A,0.239165,0.000117296,0.000218152,0.589999984183854,3724
rs10409578,C,T,0.85886,0.000283518,0.000266361,0.290000001402971,3724
rs12985734,G,A,0.303677,4.82121e-05,0.000201674,0.809999964789546,3724
rs4804512,G,A,0.764158,-9.67437e-07,0.000219829,1,3724
rs4804528,T,G,0.446771,-0.000477838,0.000186439,0.01,3724
rs1529711,T,C,0.159,-8.87583e-05,0.000253504,0.730000235121762,3724
rs12608948,T,A,0.379554,-0.000533998,0.000190795,0.00509999793204996,3724
rs4371271,C,T,0.480247,-0.000510097,0.000189224,0.00700003159130897,3724
